driverId,driverRef,number,code,forename,surname,dob,nationality,url
1,hamilton,44,HAM,Lewis,Hamilton,07/01/1985,British,http://en.wikipedia.org/wiki/Lewis_Hamilton
2,heidfeld,,HEI,Nick,Heidfeld,10/05/1977,German,http://en.wikipedia.org/wiki/Nick_Heidfeld
3,rosberg,6,ROS,Nico,Rosberg,27/06/1985,German,http://en.wikipedia.org/wiki/Nico_Rosberg
4,alonso,14,ALO,Fernando,Alonso,29/07/1981,Spanish,http://en.wikipedia.org/wiki/Fernando_Alonso
5,kovalainen,,KOV,Heikki,Kovalainen,19/10/1981,Finnish,http://en.wikipedia.org/wiki/Heikki_Kovalainen
6,nakajima,,NAK,Kazuki,Nakajima,11/01/1985,Japanese,http://en.wikipedia.org/wiki/Kazuki_Nakajima
7,bourdais,,BOU,Sebastien,Bourdais,28/02/1979,French,http://en.wikipedia.org/wiki/S%C3%A9bastien_Bourdais
8,raikkonen,7,RAI,Kimi,Raikonnen,17/10/1979,Finnish,http://en.wikipedia.org/wiki/Kimi_R%C3%A4ikk%C3%B6nen
9,kubica,,KUB,Robert,Kubica,07/12/1984,Polish,http://en.wikipedia.org/wiki/Robert_Kubica
10,glock,,GLO,Timo,Glock,18/03/1982,German,http://en.wikipedia.org/wiki/Timo_Glock
11,sato,,SAT,Takuma,Sato,28/01/1977,Japanese,http://en.wikipedia.org/wiki/Takuma_Sato
12,piquet_jr,,PIQ,Nelson,Piquet Jr.,25/07/1985,Brazilian,"http://en.wikipedia.org/wiki/Nelson_Piquet,_Jr."
13,massa,19,MAS,Felipe,Massa,25/04/1981,Brazilian,http://en.wikipedia.org/wiki/Felipe_Massa
14,coulthard,,COU,David,Coulthard,27/03/1971,British,http://en.wikipedia.org/wiki/David_Coulthard
15,trulli,,TRU,Jarno,Trulli,13/07/1974,Italian,http://en.wikipedia.org/wiki/Jarno_Trulli
16,sutil,99,SUT,Adrian,Sutil,11/01/1983,German,http://en.wikipedia.org/wiki/Adrian_Sutil
17,webber,,WEB,Mark,Webber,27/08/1976,Australian,http://en.wikipedia.org/wiki/Mark_Webber
18,button,22,BUT,Jenson,Button,19/01/1980,British,http://en.wikipedia.org/wiki/Jenson_Button
19,davidson,,DAV,Anthony,Davidson,18/04/1979,British,http://en.wikipedia.org/wiki/Anthony_Davidson
20,vettel,5,VET,Sebastian,Vettel,03/07/1987,German,http://en.wikipedia.org/wiki/Sebastian_Vettel
21,fisichella,,FIS,Giancarlo,Fisichella,14/01/1973,Italian,http://en.wikipedia.org/wiki/Giancarlo_Fisichella
22,barrichello,,BAR,Rubens,Barrichello,23/05/1972,Brazilian,http://en.wikipedia.org/wiki/Rubens_Barrichello
23,ralf_schumacher,,SCH,Ralf,Schumacher,30/06/1975,German,http://en.wikipedia.org/wiki/Ralf_Schumacher
24,liuzzi,,LIU,Vitantonio,Liuzzi,06/08/1980,Italian,http://en.wikipedia.org/wiki/Vitantonio_Liuzzi
25,wurz,,WUR,Alexander,Wurz,15/02/1974,Austrian,http://en.wikipedia.org/wiki/Alexander_Wurz
26,speed,,SPE,Scott,Speed,24/01/1983,American,http://en.wikipedia.org/wiki/Scott_Speed
27,albers,,ALB,Christijan,Albers,16/04/1979,Dutch,http://en.wikipedia.org/wiki/Christijan_Albers
28,markus_winkelhock,,WIN,Markus,Winkelhock,13/06/1980,German,http://en.wikipedia.org/wiki/Markus_Winkelhock
29,yamamoto,,YAM,Sakon,Yamamoto,09/07/1982,Japanese,http://en.wikipedia.org/wiki/Sakon_Yamamoto
31,montoya,,MON,Juan,Pablo Montoya,20/09/1975,Colombian,http://en.wikipedia.org/wiki/Juan_Pablo_Montoya
32,klien,,KLI,Christian,Klien,07/02/1983,Austrian,http://en.wikipedia.org/wiki/Christian_Klien
33,monteiro,,TMO,Tiago,Monteiro,24/07/1976,Portuguese,http://en.wikipedia.org/wiki/Tiago_Monteiro
34,ide,,IDE,Yuji,Ide,21/01/1975,Japanese,http://en.wikipedia.org/wiki/Yuji_Ide
35,villeneuve,,VIL,Jacques,Villeneuve,09/04/1971,Canadian,http://en.wikipedia.org/wiki/Jacques_Villeneuve
36,montagny,,FMO,Franck,Montagny,05/01/1978,French,http://en.wikipedia.org/wiki/Franck_Montagny
37,rosa,,DLR,Pedro,de la Rosa,24/02/1971,Spanish,http://en.wikipedia.org/wiki/Pedro_de_la_Rosa
38,doornbos,,DOO,Robert,Doornbos,23/09/1981,Dutch,http://en.wikipedia.org/wiki/Robert_Doornbos
39,karthikeyan,,KAR,Narain,Karthikeyan,14/01/1977,Indian,http://en.wikipedia.org/wiki/Narain_Karthikeyan
40,friesacher,,FRI,Patrick,Friesacher,26/09/1980,Austrian,http://en.wikipedia.org/wiki/Patrick_Friesacher
41,zonta,,ZON,Ricardo,Zonta,23/03/1976,Brazilian,http://en.wikipedia.org/wiki/Ricardo_Zonta
42,pizzonia,,PIZ,Antonio,Pizzonia,11/09/1980,Brazilian,http://en.wikipedia.org/wiki/Ant%C3%B4nio_Pizzonia
43,matta,,,Cristiano,da Matta,19/09/1973,Brazilian,http://en.wikipedia.org/wiki/Cristiano_da_Matta
44,panis,,,Olivier,Panis,02/09/1966,French,http://en.wikipedia.org/wiki/Olivier_Panis
45,pantano,,,Giorgio,Pantano,04/02/1979,Italian,http://en.wikipedia.org/wiki/Giorgio_Pantano
46,bruni,,,Gianmaria,Bruni,30/05/1981,Italian,http://en.wikipedia.org/wiki/Gianmaria_Bruni
47,baumgartner,,,Zsolt,Baumgartner,01/01/1981,Hungarian,http://en.wikipedia.org/wiki/Zsolt_Baumgartner
48,gene,,,Marc,Gene,29/03/1974,Spanish,http://en.wikipedia.org/wiki/Marc_Gen%C3%A9
49,frentzen,,,Heinz-Harald,Frentzen,18/05/1967,German,http://en.wikipedia.org/wiki/Heinz-Harald_Frentzen
50,verstappen,,,Jos,Verstappen,04/03/1972,Dutch,http://en.wikipedia.org/wiki/Jos_Verstappen
51,wilson,,,Justin,Wilson,31/07/1978,British,http://en.wikipedia.org/wiki/Justin_Wilson_(racing_driver)
52,firman,,,Ralph,Firman,20/05/1975,Irish,http://en.wikipedia.org/wiki/Ralph_Firman
53,kiesa,,,Nicolas,Kiesa,03/03/1978,Danish,http://en.wikipedia.org/wiki/Nicolas_Kiesa
54,burti,,,Luciano,Burti,05/03/1975,Brazilian,http://en.wikipedia.org/wiki/Luciano_Burti
55,alesi,,,Jean,Alesi,11/06/1964,French,http://en.wikipedia.org/wiki/Jean_Alesi
56,irvine,,,Eddie,Irvine,10/11/1965,British,http://en.wikipedia.org/wiki/Eddie_Irvine
57,hakkinen,,,Mika,Hakinnen,28/09/1968,Finnish,http://en.wikipedia.org/wiki/Mika_H%C3%A4kkinen
58,marques,,,Tarso,Marques,19/01/1976,Brazilian,http://en.wikipedia.org/wiki/Tarso_Marques
59,bernoldi,,,Enrique,Bernoldi,19/10/1978,Brazilian,http://en.wikipedia.org/wiki/Enrique_Bernoldi
60,mazzacane,,,Gastin, Mazzacane,08/05/1975,Argentine,http://en.wikipedia.org/wiki/Gast%C3%B3n_Mazzacane
61,enge,,,Tom,Enge,11/09/1976,Czech,http://en.wikipedia.org/wiki/Tom%C3%A1%C5%A1_Enge
62,yoong,,,Alex,Yoong,20/07/1976,Malaysian,http://en.wikipedia.org/wiki/Alex_Yoong
63,salo,,,Mika,Salo,30/11/1966,Finnish,http://en.wikipedia.org/wiki/Mika_Salo
64,diniz,,,Pedro,Diniz,22/05/1970,Brazilian,http://en.wikipedia.org/wiki/Pedro_Diniz
65,herbert,,,Johnny,Herbert,25/06/1964,British,http://en.wikipedia.org/wiki/Johnny_Herbert
66,mcnish,,,Allan,McNish,29/12/1969,British,http://en.wikipedia.org/wiki/Allan_McNish
67,buemi,,BUE,Sebastien,Buemi,31/10/1988,Swiss,http://en.wikipedia.org/wiki/S%C3%A9bastien_Buemi
68,takagi,,,Toranosuke,Takagi,12/02/1974,Japanese,http://en.wikipedia.org/wiki/Toranosuke_Takagi
69,badoer,,BAD,Luca,Badoer,25/01/1971,Italian,http://en.wikipedia.org/wiki/Luca_Badoer
70,zanardi,,,Alessandro,Zanardi,23/10/1966,Italian,http://en.wikipedia.org/wiki/Alex_Zanardi
71,damon_hill,,,Damon,Hill,17/09/1960,British,http://en.wikipedia.org/wiki/Damon_Hill
72,sarrazin,,,Stephane,Sarrazin,02/11/1975,French,http://en.wikipedia.org/wiki/St%C3%A9phane_Sarrazin
73,rosset,,,Ricardo,Rosset,27/07/1968,Brazilian,http://en.wikipedia.org/wiki/Ricardo_Rosset
74,tuero,,,Esteban,Tuero,22/04/1978,Argentine,http://en.wikipedia.org/wiki/Esteban_Tuero
75,nakano,,,Shinji,Nakano,01/04/1971,Japanese,http://en.wikipedia.org/wiki/Shinji_Nakano
76,magnussen,,MAG,Jan,Magnussen,04/07/1973,Danish,http://en.wikipedia.org/wiki/Jan_Magnussen
77,berger,,,Gerhard,Berger,27/08/1959,Austrian,http://en.wikipedia.org/wiki/Gerhard_Berger
78,larini,,,Nicola,Larini,19/03/1964,Italian,http://en.wikipedia.org/wiki/Nicola_Larini
79,katayama,,,Ukyo,Katayama,29/05/1963,Japanese,http://en.wikipedia.org/wiki/Ukyo_Katayama
80,sospiri,,,Vincenzo,Sospiri,07/10/1966,Italian,http://en.wikipedia.org/wiki/Vincenzo_Sospiri
81,morbidelli,,,Gianni,Morbidelli,13/01/1968,Italian,http://en.wikipedia.org/wiki/Gianni_Morbidelli
82,fontana,,,Norberto,Fontana,20/01/1975,Argentine,http://en.wikipedia.org/wiki/Norberto_Fontana
83,lamy,,,Pedro,Lamy,20/03/1972,Portuguese,http://en.wikipedia.org/wiki/Pedro_Lamy
84,brundle,,,Martin,Brundle,01/06/1959,British,http://en.wikipedia.org/wiki/Martin_Brundle
85,montermini,,,Andrea,Montermini,30/05/1964,Italian,http://en.wikipedia.org/wiki/Andrea_Montermini
86,lavaggi,,,Giovanni,Lavaggi,18/02/1958,Italian,http://en.wikipedia.org/wiki/Giovanni_Lavaggi
87,blundell,,,Mark,Blundell,08/04/1966,British,http://en.wikipedia.org/wiki/Mark_Blundell
88,suzuki,,,Aguri,Suzuki,08/09/1960,Japanese,http://en.wikipedia.org/wiki/Aguri_Suzuki
89,inoue,,,Taki,Inoue,05/09/1963,Japanese,http://en.wikipedia.org/wiki/Taki_Inoue
90,moreno,,,Roberto,Moreno,11/02/1959,Brazilian,http://en.wikipedia.org/wiki/Roberto_Moreno
91,wendlinger,,,Karl,Wendlinger,20/12/1968,Austrian,http://en.wikipedia.org/wiki/Karl_Wendlinger
92,gachot,,,Bertrand,Gachot,23/12/1962,Belgian,http://en.wikipedia.org/wiki/Bertrand_Gachot
93,schiattarella,,,Domenico,Schiattarella,17/11/1967,Italian,http://en.wikipedia.org/wiki/Domenico_Schiattarella
94,martini,,,Pierluigi,Martini,23/04/1961,Italian,http://en.wikipedia.org/wiki/Pierluigi_Martini
95,mansell,,,Nigel,Mansell,08/08/1953,British,http://en.wikipedia.org/wiki/Nigel_Mansell
96,boullion,,,Jean-Christophe,Boullion,27/12/1969,French,http://en.wikipedia.org/wiki/Jean-Christophe_Boullion
97,papis,,,Massimiliano,Papis,03/10/1969,Italian,http://en.wikipedia.org/wiki/Massimiliano_Papis
98,deletraz,,,Jean-Denis,Ditraz,01/10/1963,Swiss,http://en.wikipedia.org/wiki/Jean-Denis_Deletraz
99,tarquini,,,Gabriele,Tarquini,02/03/1962,Italian,http://en.wikipedia.org/wiki/Gabriele_Tarquini
100,comas,,,Iarik,Comas,28/09/1963,French,http://en.wikipedia.org/wiki/%C3%89rik_Comas
101,brabham,,,David,Brabham,05/09/1965,Australian,http://en.wikipedia.org/wiki/David_Brabham
102,senna,,,Ayrton,Senna,21/03/1960,Brazilian,http://en.wikipedia.org/wiki/Ayrton_Senna
103,bernard,,,Iaric,Bernard,24/08/1964,French,http://en.wikipedia.org/wiki/%C3%89ric_Bernard
104,fittipaldi,,,Christian,Fittipaldi,18/01/1971,Brazilian,http://en.wikipedia.org/wiki/Christian_Fittipaldi
105,alboreto,,,Michele,Alboreto,23/12/1956,Italian,http://en.wikipedia.org/wiki/Michele_Alboreto
106,beretta,,,Olivier,Beretta,23/11/1969,Monegasque,http://en.wikipedia.org/wiki/Olivier_Beretta
107,ratzenberger,,,Roland,Ratzenberger,04/07/1960,Austrian,http://en.wikipedia.org/wiki/Roland_Ratzenberger
108,belmondo,,,Paul,Belmondo,23/04/1963,French,http://en.wikipedia.org/wiki/Paul_Belmondo
109,lehto,,,Jyrki,Jirvilehto,31/01/1966,Finnish,http://en.wikipedia.org/wiki/Jyrki_J%C3%A4rvilehto
110,cesaris,,,Andrea,de Cesaris,31/05/1959,Italian,http://en.wikipedia.org/wiki/Andrea_de_Cesaris
111,gounon,,,Jean-Marc,Gounon,01/01/1963,French,http://en.wikipedia.org/wiki/Jean-Marc_Gounon
112,alliot,,,Philippe,Alliot,27/07/1954,French,http://en.wikipedia.org/wiki/Philippe_Alliot
113,adams,,,Philippe,Adams,19/11/1969,Belgian,http://en.wikipedia.org/wiki/Philippe_Adams
114,dalmas,,,Yannick,Dalmas,28/07/1961,French,http://en.wikipedia.org/wiki/Yannick_Dalmas
115,noda,,,Hideki,Noda,07/03/1969,Japanese,http://en.wikipedia.org/wiki/Hideki_Noda
116,lagorce,,,Franck,Lagorce,01/09/1968,French,http://en.wikipedia.org/wiki/Franck_Lagorce
117,prost,,,Alain,Prost,24/02/1955,French,http://en.wikipedia.org/wiki/Alain_Prost
118,warwick,,,Derek,Warwick,27/08/1954,British,http://en.wikipedia.org/wiki/Derek_Warwick
119,patrese,,,Riccardo,Patrese,17/04/1954,Italian,http://en.wikipedia.org/wiki/Riccardo_Patrese
120,barbazza,,,Fabrizio,Barbazza,02/04/1963,Italian,http://en.wikipedia.org/wiki/Fabrizio_Barbazza
121,andretti,,,Michael,Andretti,05/10/1962,American,http://en.wikipedia.org/wiki/Michael_Andretti
122,capelli,,,Ivan,Capelli,24/05/1963,Italian,http://en.wikipedia.org/wiki/Ivan_Capelli
123,boutsen,,,Thierry,Boutsen,13/07/1957,Belgian,http://en.wikipedia.org/wiki/Thierry_Boutsen
124,apicella,,,Marco,Apicella,07/10/1965,Italian,http://en.wikipedia.org/wiki/Marco_Apicella
125,naspetti,,,Emanuele,Naspetti,24/02/1968,Italian,http://en.wikipedia.org/wiki/Emanuele_Naspetti
126,toshio_suzuki,,,Toshio,Suzuki,10/03/1955,Japanese,http://en.wikipedia.org/wiki/Toshio_Suzuki_(driver)
127,gugelmin,,,Mauricio,Gugelmin,20/04/1963,Brazilian,http://en.wikipedia.org/wiki/Maur%C3%ADcio_Gugelmin
128,poele,,,Eric,van de Poele,30/09/1961,Belgian,http://en.wikipedia.org/wiki/Eric_van_de_Poele
129,grouillard,,,Olivier,Grouillard,02/09/1958,French,http://en.wikipedia.org/wiki/Olivier_Grouillard
130,chiesa,,,Andrea,Chiesa,06/05/1964,Swiss,http://en.wikipedia.org/wiki/Andrea_Chiesa
131,modena,,,Stefano,Modena,12/05/1963,Italian,http://en.wikipedia.org/wiki/Stefano_Modena
132,amati,,,Giovanna,Amati,20/07/1959,Italian,http://en.wikipedia.org/wiki/Giovanna_Amati
133,caffi,,,Alex,Caffi,18/03/1964,Italian,http://en.wikipedia.org/wiki/Alex_Caffi
134,bertaggia,,,Enrico,Bertaggia,19/09/1964,Italian,http://en.wikipedia.org/wiki/Enrico_Bertaggia
135,mccarthy,,,Perry,McCarthy,03/03/1961,British,http://en.wikipedia.org/wiki/Perry_McCarthy
136,lammers,,,Jan,Lammers,02/06/1956,Dutch,http://en.wikipedia.org/wiki/Jan_Lammers
137,piquet,,,Nelson,Piquet,17/08/1952,Brazilian,http://en.wikipedia.org/wiki/Nelson_Piquet
138,satoru_nakajima,,,Satoru,Nakajima,23/02/1953,Japanese,http://en.wikipedia.org/wiki/Satoru_Nakajima
139,pirro,,,Emanuele,Pirro,12/01/1962,Italian,http://en.wikipedia.org/wiki/Emanuele_Pirro
140,johansson,,,Stefan,Johansson,08/09/1956,Swedish,http://en.wikipedia.org/wiki/Stefan_Johansson
141,bailey,,,Julian,Bailey,09/10/1961,British,http://en.wikipedia.org/wiki/Julian_Bailey
142,chaves,,,Pedro,Chaves,27/02/1965,Portuguese,http://en.wikipedia.org/wiki/Pedro_Chaves
143,bartels,,,Michael,Bartels,08/03/1968,German,http://en.wikipedia.org/wiki/Michael_Bartels
144,hattori,,,Naoki,Hattori,13/06/1966,Japanese,http://en.wikipedia.org/wiki/Naoki_Hattori
145,nannini,,,Alessandro,Nannini,07/07/1959,Italian,http://en.wikipedia.org/wiki/Alessandro_Nannini
